2003,CVE-2003-1604
2004,CVE-2004-0230
2007,CVE-2007-6762
2008,CVE-2008-4609
2009,CVE-2009-2692
2010,CVE-2010-0008
2010,CVE-2010-3432
2010,CVE-2010-4563
2010,CVE-2010-4648
2010,CVE-2010-5332
2011,CVE-2011-4131
2012,CVE-2012-2119
2012,CVE-2012-2136
2012,CVE-2012-2313
2012,CVE-2012-2372
2012,CVE-2012-2744
2012,CVE-2012-3364
2012,CVE-2012-3412
2012,CVE-2012-3430
2012,CVE-2012-3520
2012,CVE-2012-3552
2012,CVE-2012-4444
2012,CVE-2012-4467
2012,CVE-2012-4565
2012,CVE-2012-6536
2012,CVE-2012-6537
2012,CVE-2012-6538
2012,CVE-2012-6539
2012,CVE-2012-6540
2012,CVE-2012-6541
2012,CVE-2012-6542
2012,CVE-2012-6543
2012,CVE-2012-6544
2012,CVE-2012-6545
2012,CVE-2012-6546
2012,CVE-2012-6547
2012,CVE-2012-6638
2012,CVE-2012-6657
2012,CVE-2012-6689
2012,CVE-2012-6704
2012,CVE-2012-6712
2013,CVE-2013-0216
2013,CVE-2013-0217
2013,CVE-2013-0290
2013,CVE-2013-0310
2013,CVE-2013-0343
2013,CVE-2013-0349
2013,CVE-2013-1059
2013,CVE-2013-1763
2013,CVE-2013-1826
2013,CVE-2013-1827
2013,CVE-2013-1828
2013,CVE-2013-1929
2013,CVE-2013-1958
2013,CVE-2013-2017
2013,CVE-2013-2058
2013,CVE-2013-2128
2013,CVE-2013-2206
2013,CVE-2013-2232
2013,CVE-2013-2234
2013,CVE-2013-2237
2013,CVE-2013-2634
2013,CVE-2013-2635
2013,CVE-2013-2636
2013,CVE-2013-2852
2013,CVE-2013-3222
2013,CVE-2013-3223
2013,CVE-2013-3224
2013,CVE-2013-3225
2013,CVE-2013-3226
2013,CVE-2013-3227
2013,CVE-2013-3228
2013,CVE-2013-3229
2013,CVE-2013-3230
2013,CVE-2013-3231
2013,CVE-2013-3232
2013,CVE-2013-3233
2013,CVE-2013-3234
2013,CVE-2013-3235
2013,CVE-2013-3236
2013,CVE-2013-3237
2013,CVE-2013-4125
2013,CVE-2013-4129
2013,CVE-2013-4162
2013,CVE-2013-4163
2013,CVE-2013-4270
2013,CVE-2013-4300
2013,CVE-2013-4312
2013,CVE-2013-4343
2013,CVE-2013-4348
2013,CVE-2013-4350
2013,CVE-2013-4387
2013,CVE-2013-4470
2013,CVE-2013-4563
2013,CVE-2013-4579
2013,CVE-2013-4588
2013,CVE-2013-6378
2013,CVE-2013-6431
2013,CVE-2013-6432
2013,CVE-2013-7027
2013,CVE-2013-7263
2013,CVE-2013-7264
2013,CVE-2013-7265
2013,CVE-2013-7266
2013,CVE-2013-7267
2013,CVE-2013-7268
2013,CVE-2013-7269
2013,CVE-2013-7270
2013,CVE-2013-7271
2013,CVE-2013-7281
2013,CVE-2013-7339
2013,CVE-2013-7421
2013,CVE-2013-7446
2014,CVE-2014-0038
2014,CVE-2014-0100
2014,CVE-2014-0101
2014,CVE-2014-0131
2014,CVE-2014-0181
2014,CVE-2014-1444
2014,CVE-2014-1445
2014,CVE-2014-1446
2014,CVE-2014-1690
2014,CVE-2014-2309
2014,CVE-2014-2523
2014,CVE-2014-2568
2014,CVE-2014-2580
2014,CVE-2014-2672
2014,CVE-2014-2678
2014,CVE-2014-2706
2014,CVE-2014-2739
2014,CVE-2014-2851
2014,CVE-2014-3144
2014,CVE-2014-3145
2014,CVE-2014-3535
2014,CVE-2014-3673
2014,CVE-2014-3687
2014,CVE-2014-3688
2014,CVE-2014-4667
2014,CVE-2014-4943
2014,CVE-2014-5077
2014,CVE-2014-6416
2014,CVE-2014-6417
2014,CVE-2014-6418
2014,CVE-2014-7207
2014,CVE-2014-7284
2014,CVE-2014-7841
2014,CVE-2014-8160
2014,CVE-2014-8709
2014,CVE-2014-9428
2014,CVE-2014-9644
2014,CVE-2014-9715
2014,CVE-2014-9900
2014,CVE-2014-9914
2015,CVE-2015-1421
2015,CVE-2015-1465
2015,CVE-2015-1573
2015,CVE-2015-2041
2015,CVE-2015-2042
2015,CVE-2015-2686
2015,CVE-2015-2922
2015,CVE-2015-3212
2015,CVE-2015-3332
2015,CVE-2015-3636
2015,CVE-2015-5156
2015,CVE-2015-5283
2015,CVE-2015-5364
2015,CVE-2015-5366
2015,CVE-2015-6937
2015,CVE-2015-7799
2015,CVE-2015-7990
2015,CVE-2015-8019
2015,CVE-2015-8215
2015,CVE-2015-8543
2015,CVE-2015-8569
2015,CVE-2015-8575
2015,CVE-2015-8746
2015,CVE-2015-8767
2015,CVE-2015-8787
2015,CVE-2015-8937
2015,CVE-2015-8952
2015,CVE-2015-8956
2015,CVE-2015-8970
2016,CVE-2016-10147
2016,CVE-2016-10153
2016,CVE-2016-10200
2016,CVE-2016-10229
2016,CVE-2016-10906
2016,CVE-2016-2070
2016,CVE-2016-2117
2016,CVE-2016-2550
2016,CVE-2016-3134
2016,CVE-2016-3135
2016,CVE-2016-3156
2016,CVE-2016-3707
2016,CVE-2016-3841
2016,CVE-2016-3951
2016,CVE-2016-4485
2016,CVE-2016-4486
2016,CVE-2016-4580
2016,CVE-2016-4805
2016,CVE-2016-4951
2016,CVE-2016-4997
2016,CVE-2016-4998
2016,CVE-2016-5243
2016,CVE-2016-5244
2016,CVE-2016-5342
2016,CVE-2016-5696
2016,CVE-2016-5870
2016,CVE-2016-6162
2016,CVE-2016-6753
2016,CVE-2016-7039
2016,CVE-2016-7117
2016,CVE-2016-7917
2016,CVE-2016-8399
2016,CVE-2016-8401
2016,CVE-2016-8402
2016,CVE-2016-8403
2016,CVE-2016-8404
2016,CVE-2016-8405
2016,CVE-2016-8406
2016,CVE-2016-8407
2016,CVE-2016-8632
2016,CVE-2016-8645
2016,CVE-2016-8646
2016,CVE-2016-8655
2016,CVE-2016-8658
2016,CVE-2016-8666
2016,CVE-2016-9555
2016,CVE-2016-9755
2016,CVE-2016-9793
2016,CVE-2016-9806
2016,CVE-2016-9919
2017,CVE-2017-0786
2017,CVE-2017-1000
2017,CVE-2017-1000111
2017,CVE-2017-1000112
2017,CVE-2017-1000251
2017,CVE-2017-1000410
2017,CVE-2017-11089
2017,CVE-2017-11600
2017,CVE-2017-12153
2017,CVE-2017-13080
2017,CVE-2017-13220
2017,CVE-2017-13686
2017,CVE-2017-13715
2017,CVE-2017-14106
2017,CVE-2017-14497
2017,CVE-2017-15115
2017,CVE-2017-15129
2017,CVE-2017-15649
2017,CVE-2017-15868
2017,CVE-2017-15951
2017,CVE-2017-16647
2017,CVE-2017-16649
2017,CVE-2017-16650
2017,CVE-2017-16911
2017,CVE-2017-16912
2017,CVE-2017-16913
2017,CVE-2017-16914
2017,CVE-2017-16939
2017,CVE-2017-17448
2017,CVE-2017-17449
2017,CVE-2017-17450
2017,CVE-2017-17712
2017,CVE-2017-18017
2017,CVE-2017-18218
2017,CVE-2017-18222
2017,CVE-2017-18509
2017,CVE-2017-18552
2017,CVE-2017-2634
2017,CVE-2017-2647
2017,CVE-2017-2671
2017,CVE-2017-5548
2017,CVE-2017-5897
2017,CVE-2017-5970
2017,CVE-2017-5972
2017,CVE-2017-5986
2017,CVE-2017-6074
2017,CVE-2017-6214
2017,CVE-2017-6345
2017,CVE-2017-6346
2017,CVE-2017-6347
2017,CVE-2017-6348
2017,CVE-2017-6353
2017,CVE-2017-6951
2017,CVE-2017-7184
2017,CVE-2017-7277
2017,CVE-2017-7308
2017,CVE-2017-7477
2017,CVE-2017-7482
2017,CVE-2017-7487
2017,CVE-2017-7541
2017,CVE-2017-7542
2017,CVE-2017-7558
2017,CVE-2017-7645
2017,CVE-2017-7979
2017,CVE-2017-8066
2017,CVE-2017-8068
2017,CVE-2017-8069
2017,CVE-2017-8070
2017,CVE-2017-8797
2017,CVE-2017-8824
2017,CVE-2017-8890
2017,CVE-2017-9059
2017,CVE-2017-9074
2017,CVE-2017-9075
2017,CVE-2017-9076
2017,CVE-2017-9077
2017,CVE-2017-9242
2018,CVE-2018-1000026
2018,CVE-2018-1065
2018,CVE-2018-1068
2018,CVE-2018-10938
2018,CVE-2018-1128
2018,CVE-2018-1129
2018,CVE-2018-1130
2018,CVE-2018-12232
2018,CVE-2018-14625
2018,CVE-2018-14641
2018,CVE-2018-14646
2018,CVE-2018-15471
2018,CVE-2018-16884
2018,CVE-2018-18559
2018,CVE-2018-19985
2018,CVE-2018-20511
2018,CVE-2018-21008
2018,CVE-2018-25015
2018,CVE-2018-25020
2018,CVE-2018-5332
2018,CVE-2018-5333
2018,CVE-2018-5390
2018,CVE-2018-5391
2018,CVE-2018-5703
2018,CVE-2018-5803
2018,CVE-2018-5814
2018,CVE-2018-5848
2018,CVE-2018-6554
2018,CVE-2018-6555
2018,CVE-2018-7191
2018,CVE-2018-7492
2018,CVE-2018-8043
2018,CVE-2018-8087
2018,CVE-2018-9363
2018,CVE-2018-9517
2018,CVE-2018-9518
2018,CVE-2018-9568
2019,CVE-2019-0136
2019,CVE-2019-0145
2019,CVE-2019-0146
2019,CVE-2019-0147
2019,CVE-2019-0148
2019,CVE-2019-0149
2019,CVE-2019-10126
2019,CVE-2019-10207
2019,CVE-2019-10638
2019,CVE-2019-10639
2019,CVE-2019-11477
2019,CVE-2019-11478
2019,CVE-2019-11479
2019,CVE-2019-11683
2019,CVE-2019-11815
2019,CVE-2019-11884
2019,CVE-2019-12378
2019,CVE-2019-12381
2019,CVE-2019-12818
2019,CVE-2019-12819
2019,CVE-2019-12984
2019,CVE-2019-14814
2019,CVE-2019-14815
2019,CVE-2019-14816
2019,CVE-2019-14895
2019,CVE-2019-14896
2019,CVE-2019-14897
2019,CVE-2019-14901
2019,CVE-2019-15098
2019,CVE-2019-15099
2019,CVE-2019-15220
2019,CVE-2019-15239
2019,CVE-2019-15292
2019,CVE-2019-15504
2019,CVE-2019-15666
2019,CVE-2019-15916
2019,CVE-2019-15921
2019,CVE-2019-15924
2019,CVE-2019-15925
2019,CVE-2019-15926
2019,CVE-2019-16231
2019,CVE-2019-16232
2019,CVE-2019-16234
2019,CVE-2019-16714
2019,CVE-2019-16746
2019,CVE-2019-16994
2019,CVE-2019-16995
2019,CVE-2019-17052
2019,CVE-2019-17053
2019,CVE-2019-17054
2019,CVE-2019-17055
2019,CVE-2019-17056
2019,CVE-2019-17133
2019,CVE-2019-17666
2019,CVE-2019-18198
2019,CVE-2019-18282
2019,CVE-2019-18680
2019,CVE-2019-18805
2019,CVE-2019-18806
2019,CVE-2019-18807
2019,CVE-2019-19043
2019,CVE-2019-19045
2019,CVE-2019-19047
2019,CVE-2019-19051
2019,CVE-2019-19052
2019,CVE-2019-19055
2019,CVE-2019-19056
2019,CVE-2019-19057
2019,CVE-2019-19058
2019,CVE-2019-19059
2019,CVE-2019-19063
2019,CVE-2019-19068
2019,CVE-2019-19071
2019,CVE-2019-19073
2019,CVE-2019-19074
2019,CVE-2019-19075
2019,CVE-2019-19076
2019,CVE-2019-19078
2019,CVE-2019-19079
2019,CVE-2019-19080
2019,CVE-2019-19081
2019,CVE-2019-19227
2019,CVE-2019-19241
2019,CVE-2019-19525
2019,CVE-2019-19529
2019,CVE-2019-19534
2019,CVE-2019-19535
2019,CVE-2019-19536
2019,CVE-2019-19947
2019,CVE-2019-20095
2019,CVE-2019-20096
2019,CVE-2019-20422
2019,CVE-2019-20811
2019,CVE-2019-20812
2019,CVE-2019-2215
2019,CVE-2019-25045
2019,CVE-2019-3459
2019,CVE-2019-3460
2019,CVE-2019-3701
2019,CVE-2019-3837
2019,CVE-2019-3846
2019,CVE-2019-3874
2019,CVE-2019-5108
2019,CVE-2019-8956
2019,CVE-2019-9162
2019,CVE-2019-9466
2019,CVE-2019-9500
2019,CVE-2019-9503
2019,CVE-2019-9506
2020,CVE-2020-0066
2020,CVE-2020-0429
2020,CVE-2020-10135
2020,CVE-2020-10711
2020,CVE-2020-10720
2020,CVE-2020-11494
2020,CVE-2020-12351
2020,CVE-2020-12352
2020,CVE-2020-12465
2020,CVE-2020-12653
2020,CVE-2020-12654
2020,CVE-2020-12656
2020,CVE-2020-12659
2020,CVE-2020-14304
2020,CVE-2020-14305
2020,CVE-2020-14356
2020,CVE-2020-14386
2020,CVE-2020-14416
2020,CVE-2020-15802
2020,CVE-2020-16119
2020,CVE-2020-16166
2020,CVE-2020-1749
2020,CVE-2020-24490
2020,CVE-2020-24502
2020,CVE-2020-24503
2020,CVE-2020-24504
2020,CVE-2020-24586
2020,CVE-2020-24587
2020,CVE-2020-24588
2020,CVE-2020-25211
2020,CVE-2020-25643
2020,CVE-2020-25645
2020,CVE-2020-25661
2020,CVE-2020-25662
2020,CVE-2020-25670
2020,CVE-2020-25671
2020,CVE-2020-25672
2020,CVE-2020-25673
2020,CVE-2020-25705
2020,CVE-2020-26088
2020,CVE-2020-26139
2020,CVE-2020-26140
2020,CVE-2020-26141
2020,CVE-2020-26142
2020,CVE-2020-26143
2020,CVE-2020-26145
2020,CVE-2020-26147
2020,CVE-2020-26555
2020,CVE-2020-26556
2020,CVE-2020-26557
2020,CVE-2020-26558
2020,CVE-2020-26559
2020,CVE-2020-26560
2020,CVE-2020-27066
2020,CVE-2020-27067
2020,CVE-2020-27068
2020,CVE-2020-28374
2020,CVE-2020-29568
2020,CVE-2020-35499
2020,CVE-2020-35519
2020,CVE-2020-36158
2020,CVE-2020-36386
2020,CVE-2020-36516
2020,CVE-2020-36694
2020,CVE-2020-3702
2020,CVE-2020-8428
2021,CVE-2021-0129
2021,CVE-2021-0342
2021,CVE-2021-0447
2021,CVE-2021-0448
2021,CVE-2021-0605
2021,CVE-2021-0920
2021,CVE-2021-0935
2021,CVE-2021-0937
2021,CVE-2021-0941
2021,CVE-2021-20177
2021,CVE-2021-20239
2021,CVE-2021-20265
2021,CVE-2021-20322
2021,CVE-2021-22555
2021,CVE-2021-22600
2021,CVE-2021-23133
2021,CVE-2021-23134
2021,CVE-2021-26708
2021,CVE-2021-28038
2021,CVE-2021-28691
2021,CVE-2021-28712
2021,CVE-2021-28714
2021,CVE-2021-28715
2021,CVE-2021-29264
2021,CVE-2021-29646
2021,CVE-2021-29647
2021,CVE-2021-29650
2021,CVE-2021-32399
2021,CVE-2021-32606
2021,CVE-2021-33033
2021,CVE-2021-33034
2021,CVE-2021-33061
2021,CVE-2021-33098
2021,CVE-2021-34693
2021,CVE-2021-34981
2021,CVE-2021-3564
2021,CVE-2021-3573
2021,CVE-2021-3587
2021,CVE-2021-3609
2021,CVE-2021-3635
2021,CVE-2021-3640
2021,CVE-2021-3655
2021,CVE-2021-3659
2021,CVE-2021-3715
2021,CVE-2021-37159
2021,CVE-2021-3743
2021,CVE-2021-3752
2021,CVE-2021-3760
2021,CVE-2021-3772
2021,CVE-2021-38201
2021,CVE-2021-38205
2021,CVE-2021-38206
2021,CVE-2021-38207
2021,CVE-2021-38208
2021,CVE-2021-38209
2021,CVE-2021-3894
2021,CVE-2021-39633
2021,CVE-2021-39636
2021,CVE-2021-39711
2021,CVE-2021-39713
2021,CVE-2021-4028
2021,CVE-2021-4083
2021,CVE-2021-4135
2021,CVE-2021-42008
2021,CVE-2021-4202
2021,CVE-2021-4203
2021,CVE-2021-4218
2021,CVE-2021-43267
2021,CVE-2021-43975
2021,CVE-2021-43976
2021,CVE-2021-45095
2021,CVE-2021-45480
2021,CVE-2021-45485
2021,CVE-2021-45486
2021,CVE-2021-46283
2022,CVE-2022-0286
2022,CVE-2022-0322
2022,CVE-2022-0382
2022,CVE-2022-0435
2022,CVE-2022-0500
2022,CVE-2022-0646
2022,CVE-2022-0742
2022,CVE-2022-0812
2022,CVE-2022-1012
2022,CVE-2022-1015
2022,CVE-2022-1016
2022,CVE-2022-1055
2022,CVE-2022-1195
2022,CVE-2022-1198
2022,CVE-2022-1199
2022,CVE-2022-1204
2022,CVE-2022-1205
2022,CVE-2022-1247
2022,CVE-2022-1353
2022,CVE-2022-1516
2022,CVE-2022-1671
2022,CVE-2022-1678
2022,CVE-2022-1679
2022,CVE-2022-1966
2022,CVE-2022-1972
2022,CVE-2022-1974
2022,CVE-2022-1975
2022,CVE-2022-20141
2022,CVE-2022-20154
2022,CVE-2022-20158
2022,CVE-2022-20368
2022,CVE-2022-20566
2022,CVE-2022-20567
2022,CVE-2022-20568
2022,CVE-2022-2078
2022,CVE-2022-21385
2022,CVE-2022-23037
2022,CVE-2022-23041
2022,CVE-2022-23042
2022,CVE-2022-2318
2022,CVE-2022-23222
2022,CVE-2022-24959
2022,CVE-2022-25636
2022,CVE-2022-2586
2022,CVE-2022-2588
2022,CVE-2022-2602
2022,CVE-2022-26365
2022,CVE-2022-2639
2022,CVE-2022-2663
2022,CVE-2022-26966
2022,CVE-2022-27666
2022,CVE-2022-28356
2022,CVE-2022-28388
2022,CVE-2022-28389
2022,CVE-2022-28390
2022,CVE-2022-28893
2022,CVE-2022-29581
2022,CVE-2022-2961
2022,CVE-2022-2964
2022,CVE-2022-3028
2022,CVE-2022-3106
2022,CVE-2022-3107
2022,CVE-2022-32250
2022,CVE-2022-32296
2022,CVE-2022-33740
2022,CVE-2022-33741
2022,CVE-2022-33742
2022,CVE-2022-33743
2022,CVE-2022-3435
2022,CVE-2022-34918
2022,CVE-2022-3521
2022,CVE-2022-3524
2022,CVE-2022-3526
2022,CVE-2022-3535
2022,CVE-2022-3541
2022,CVE-2022-3542
2022,CVE-2022-3543
2022,CVE-2022-3545
2022,CVE-2022-3564
2022,CVE-2022-3566
2022,CVE-2022-3567
2022,CVE-2022-3586
2022,CVE-2022-3594
2022,CVE-2022-3619
2022,CVE-2022-3624
2022,CVE-2022-3625
2022,CVE-2022-3628
2022,CVE-2022-3629
2022,CVE-2022-3633
2022,CVE-2022-3636
2022,CVE-2022-3640
2022,CVE-2022-3643
2022,CVE-2022-36879
2022,CVE-2022-36946
2022,CVE-2022-39190
2022,CVE-2022-3977
2022,CVE-2022-4128
2022,CVE-2022-4129
2022,CVE-2022-41674
2022,CVE-2022-41858
2022,CVE-2022-42328
2022,CVE-2022-42329
2022,CVE-2022-42432
2022,CVE-2022-4269
2022,CVE-2022-42719
2022,CVE-2022-42720
2022,CVE-2022-42721
2022,CVE-2022-42722
2022,CVE-2022-42895
2022,CVE-2022-42896
2022,CVE-2022-43945
2022,CVE-2022-45934
2022,CVE-2022-4744
2022,CVE-2022-47518
2022,CVE-2022-47519
2022,CVE-2022-47520
2022,CVE-2022-47521
2022,CVE-2022-47929
2023,CVE-2023-0160
2023,CVE-2023-0179
2023,CVE-2023-0394
2023,CVE-2023-0461
2023,CVE-2023-0590
2023,CVE-2023-1032
2023,CVE-2023-1074
2023,CVE-2023-1075
2023,CVE-2023-1076
2023,CVE-2023-1078
2023,CVE-2023-1095
2023,CVE-2023-1206
2023,CVE-2023-1281
2023,CVE-2023-1380
2023,CVE-2023-1382
2023,CVE-2023-1390
2023,CVE-2023-1670
2023,CVE-2023-1829
2023,CVE-2023-1838
2023,CVE-2023-1859
2023,CVE-2023-2002
2023,CVE-2023-2006
2023,CVE-2023-2019
2023,CVE-2023-2156
2023,CVE-2023-2166
2023,CVE-2023-2177
2023,CVE-2023-2248
2023,CVE-2023-23006
2023,CVE-2023-23454
2023,CVE-2023-23455
2023,CVE-2023-23559
2023,CVE-2023-2483
2023,CVE-2023-25775
2023,CVE-2023-26545
2023,CVE-2023-28327
2023,CVE-2023-28464
2023,CVE-2023-28466
2023,CVE-2023-2860
2023,CVE-2023-28866
2023,CVE-2023-3022
2023,CVE-2023-3090
2023,CVE-2023-3106
2023,CVE-2023-3117
2023,CVE-2023-31248
2023,CVE-2023-31436
2023,CVE-2023-32233
2023,CVE-2023-32269
2023,CVE-2023-3317
2023,CVE-2023-33203
2023,CVE-2023-3338
2023,CVE-2023-3390
2023,CVE-2023-34319
2023,CVE-2023-3439
2023,CVE-2023-35001
2023,CVE-2023-35788
2023,CVE-2023-35827
2023,CVE-2023-3609
2023,CVE-2023-3610
2023,CVE-2023-3611
2023,CVE-2023-3772
2023,CVE-2023-3773
2023,CVE-2023-3776
2023,CVE-2023-3777
2023,CVE-2023-3812
2023,CVE-2023-3863
2023,CVE-2023-39189
2023,CVE-2023-39192
2023,CVE-2023-39193
2023,CVE-2023-39194
2023,CVE-2023-39197
2023,CVE-2023-4004
2023,CVE-2023-4015
2023,CVE-2023-40283
2023,CVE-2023-4128
2023,CVE-2023-4133
2023,CVE-2023-4147
2023,CVE-2023-4194
2023,CVE-2023-4206
2023,CVE-2023-4207
2023,CVE-2023-4208
2023,CVE-2023-4244
2023,CVE-2023-42752
2023,CVE-2023-42753
2023,CVE-2023-42754
2023,CVE-2023-42755
2023,CVE-2023-42756
2023,CVE-2023-4387
2023,CVE-2023-44466
2023,CVE-2023-4459
2023,CVE-2023-4563
2023,CVE-2023-4569
2023,CVE-2023-45871
2023,CVE-2023-4622
2023,CVE-2023-4623
2023,CVE-2023-47233
2023,CVE-2023-4881
2023,CVE-2023-4921
2023,CVE-2023-51779
2023,CVE-2023-51780
2023,CVE-2023-51781
2023,CVE-2023-51782
2023,CVE-2023-5197
2023,CVE-2023-5972
2023,CVE-2023-6039
2023,CVE-2023-6040
2023,CVE-2023-6111
2023,CVE-2023-6121
2023,CVE-2023-6176
2023,CVE-2023-6270
2023,CVE-2023-6531
2023,CVE-2023-6622
2023,CVE-2023-6817
2023,CVE-2023-6932
2023,CVE-2023-7042
2023,CVE-2023-7192
2024,CVE-2024-0193
